,Image,F1,Jaccard,Recall,Precision
0,1624.png,0.8690148596587782,0.7683698296836983,0.8367779544250132,0.9038351459645106
1,2684.png,0.8241308793456033,0.7008695652173913,0.7008695652173913,1.0
2,138.png,0.0,0.0,0.0,0.0
3,1948.png,0.23237800154918667,0.13146362839614373,0.13157894736842105,0.9933774834437086
4,2699.png,0.8862016843014467,0.7956572314850717,0.8053375196232339,0.985117618819011
5,2084.png,0.5883898082479643,0.4168217342761444,0.4337722695584818,0.9142857142857143
6,2036.png,0.950469684030743,0.9056143205858421,0.9553648068669528,0.945624468988955
7,1626.png,0.9561025120527785,0.9158969372873116,0.9491183879093199,0.9631901840490797
8,1470.png,0.8323353293413174,0.7128205128205128,0.9084967320261438,0.7679558011049724
9,2921.png,0.8978282329713722,0.8145991939095387,0.9869777536625067,0.8234495246717972
10,1577.png,0.8700947225981055,0.770059880239521,1.0,0.770059880239521
11,2541.png,0.7203791469194313,0.562962962962963,1.0,0.562962962962963
12,2493.png,0.9679430097951914,0.9378774805867127,0.9718372820742065,0.964079822616408
13,2950.png,0.9642925338934505,0.931047197640118,0.9715275105809927,0.9571645185746778
14,1993.png,0.9039843239712606,0.8247914183551848,0.9631176061238692,0.8516923076923076
15,162.png,0.9557796741660202,0.9153046062407132,0.9580093312597201,0.9535603715170279
16,1871.png,0.9272052526405937,0.8642895156998404,0.9007210205213533,0.9552941176470588
17,2590.png,0.82560706401766,0.7030075187969925,0.7030075187969925,1.0
18,2765.png,0.7301128905224469,0.5749431465784577,0.5938500960922486,0.9475298126064736
19,962.png,0.8949044585987261,0.8097982708933718,0.8192419825072886,0.9859649122807017
20,241.png,0.9068541300527241,0.8295819935691319,0.9591078066914498,0.86
21,674.png,0.8981348637015782,0.8151041666666666,0.8816901408450705,0.9152046783625731
22,1818.png,0.864,0.7605633802816901,0.942643391521197,0.7974683544303798
23,2332.png,0.052349791790600834,0.02687843616371411,0.02962962962962963,0.22448979591836735
24,2490.png,0.9365412562570644,0.8806559368357121,0.8958912573370404,0.9810554803788903
25,2405.png,0.9188630490956072,0.8499043977055449,0.8548076923076923,0.9932960893854749
26,2100.png,0.8455882352941176,0.732484076433121,0.7371794871794872,0.9913793103448276
27,1351.png,0.8374384236453202,0.7203389830508474,0.9139784946236559,0.7727272727272727
28,76.png,0.9706219000381534,0.9429206819866568,0.9972559780478244,0.9453734671125975
29,463.png,0.893740902474527,0.8078947368421052,0.9475308641975309,0.8457300275482094
30,1536.png,0.8640915593705293,0.760705289672544,0.993421052631579,0.7645569620253164
31,1005.png,0.951048951048951,0.9066666666666666,0.9927007299270073,0.912751677852349
32,496.png,0.9708404802744426,0.9433333333333334,0.9675213675213675,0.9741824440619621
33,1132.png,0.9585062240663901,0.9203187250996016,0.9914163090128756,0.927710843373494
34,1683.png,0.8590831918505942,0.7529761904761905,0.8241042345276873,0.8971631205673759
35,1167.png,0.9587073608617595,0.9206896551724137,0.9434628975265018,0.9744525547445255
36,136.png,0.9037623762376238,0.8244219653179191,0.9005524861878453,0.9069952305246423
37,1010.png,0.9284467713787086,0.8664495114006515,0.9432624113475178,0.9140893470790378
38,1444.png,0.9380378657487092,0.8833063209076175,0.9855334538878843,0.8949096880131363
39,2058.png,0.0,0.0,0.0,0.0
40,777.png,0.8971477960242005,0.8134796238244514,0.8564356435643564,0.941923774954628
41,1926.png,0.6718266253869969,0.5058275058275058,0.5058275058275058,1.0
42,667.png,0.927012791572611,0.8639551192145862,0.8992700729927007,0.9565217391304348
43,754.png,0.6458874458874458,0.47698209718670076,0.48790058862001306,0.9551856594110115
44,2959.png,0.9004771642808452,0.8189708617482951,0.9382102272727273,0.8656618610747051
45,1885.png,0.43884892086330934,0.28110599078341014,0.2946859903381642,0.8591549295774648
46,1591.png,0.9286577992744861,0.8668171557562077,0.9746192893401016,0.8868360277136259
47,1243.png,0.9218106995884774,0.8549618320610687,1.0,0.8549618320610687
48,1429.png,0.95578231292517,0.9153094462540716,0.9859649122807017,0.9273927392739274
49,2965.png,0.43478260869565216,0.2777777777777778,0.2872744539411206,0.8936484490398818
50,64.png,0.957345971563981,0.9181818181818182,1.0,0.9181818181818182
51,240.png,0.5714285714285714,0.4,0.4034334763948498,0.9791666666666666
52,98.png,0.9621621621621622,0.9270833333333334,0.959051724137931,0.96529284164859
53,2858.png,0.8366219415943172,0.7191316146540027,0.7191316146540027,1.0
54,259.png,0.9556907037358818,0.9151414309484193,0.9212730318257957,0.9927797833935018
55,149.png,0.9523988711194732,0.9091235632183908,0.9749614791987673,0.930856932695844
56,326.png,0.9484259879437374,0.9019108280254777,0.9242819843342036,0.9738651994497937
57,1481.png,0.9247606019151847,0.8600508905852418,0.949438202247191,0.9013333333333333
58,1962.png,0.853901494189264,0.7450507001448575,0.7726589884827241,0.9542362399505256
59,1566.png,0.6666666666666666,0.5,0.5119047619047619,0.9555555555555556
60,2176.png,0.9048543689320389,0.8262411347517731,0.9580592105263158,0.8572479764532744
61,433.png,0.9096340552651232,0.8342465753424657,0.9983606557377049,0.8353909465020576
62,1306.png,0.946949602122016,0.8992443324937027,0.9272727272727272,0.967479674796748
63,318.png,0.9722222222222222,0.9459459459459459,0.9786184210526315,0.9659090909090909
64,864.png,0.0,0.0,0.0,0.0
65,613.png,0.9644029285533956,0.9312530472940029,0.9535696455317024,0.975485188968335
66,1613.png,0.774247491638796,0.6316507503410641,1.0,0.6316507503410641
67,960.png,0.9250535331905781,0.8605577689243028,0.8852459016393442,0.968609865470852
68,2941.png,0.9496271495967128,0.9040857722399305,0.958819913952059,0.9406089840217063
69,2031.png,0.9119707584526348,0.8381858902575587,0.8467194570135747,0.9881188118811881
70,2750.png,0.8544303797468354,0.7458563535911602,0.7988165680473372,0.9183673469387755
71,304.png,0.9649008066274253,0.9321819713563606,0.9946067415730337,0.936917866215072
72,762.png,0.9054373522458629,0.8272138228941684,0.8665158371040724,0.948019801980198
73,2249.png,0.0,0.0,0.0,0.0
74,1206.png,0.8907103825136612,0.8029556650246306,0.8858695652173914,0.8956043956043956
75,2465.png,0.8021828103683493,0.6697038724373576,1.0,0.6697038724373576
76,222.png,0.9786028949024543,0.958102279728897,0.9866751269035533,0.970661672908864
77,3014.png,0.0,0.0,0.0,0.0
78,1886.png,0.0,0.0,0.0,0.0
79,1530.png,0.9071537290715372,0.83008356545961,0.8895522388059701,0.9254658385093167
80,1739.png,0.8911521323997453,0.8036739380022963,1.0,0.8036739380022963
81,775.png,0.8833266047638272,0.7910339840925524,0.7985401459854015,0.988256549232159
82,3031.png,0.614588549490903,0.4436144578313253,0.4436144578313253,1.0
83,2960.png,0.6351437699680511,0.4653558052434457,0.5419847328244275,0.7669753086419753
84,2724.png,0.8592953689341901,0.7533022533022533,0.7756,0.9632389468455043
85,2187.png,0.9163533834586466,0.8456201214223764,0.9898477157360406,0.8530183727034121
86,2261.png,0.9316851008458035,0.8721071863580999,0.9768076398362893,0.8905472636815921
87,3.png,0.9636259760045706,0.9298052186696067,0.9836702954898912,0.9443822321761851
88,2483.png,0.8820605512878446,0.7890056588520614,0.9606299212598425,0.8153717627401837
89,2311.png,0.894468085106383,0.8090839107005389,0.9021459227467811,0.8869198312236287
90,1720.png,0.793733681462141,0.658008658008658,0.987012987012987,0.6637554585152838
91,975.png,0.8136986301369863,0.6859122401847575,0.6971830985915493,0.9769736842105263
92,2556.png,0.7828890799656062,0.643235605793006,0.9934533551554828,0.6459737495565804
93,201.png,0.8766066838046273,0.7803203661327232,1.0,0.7803203661327232
94,530.png,0.9659318637274549,0.9341085271317829,0.9488188976377953,0.9836734693877551
95,341.png,0.8481735159817352,0.736372646184341,0.7512639029322548,0.9737876802096985
96,510.png,0.9847246891651865,0.9699090272918125,0.9921259842519685,0.9774330042313117
97,1464.png,0.937984496124031,0.8832116788321168,0.9894859813084113,0.891578947368421
98,590.png,0.9657387580299786,0.9337474120082816,0.9667738478027867,0.9647058823529412
99,26.png,0.9051490514905149,0.8267326732673267,0.9881656804733728,0.835
100,1178.png,0.9422776911076443,0.8908554572271387,0.9335394126738794,0.9511811023622048
101,795.png,0.8965219890773211,0.8124511591560302,0.8402478448275862,0.9608749229821318
102,1801.png,0.9168900804289544,0.8465346534653465,0.8814432989690721,0.9553072625698324
103,1396.png,0.882960413080895,0.7904468412942989,0.9922630560928434,0.7953488372093023
104,1249.png,0.9576271186440678,0.9186991869918699,0.9955947136563876,0.9224489795918367
105,561.png,0.6892481395945599,0.5258418167580267,0.528324154209284,0.9911439114391144
106,2479.png,0.8654262224145391,0.7627765064836003,0.8984725965858041,0.8347245409015025
107,1247.png,0.9664634146341463,0.9351032448377581,0.9738863287250384,0.9591527987897126
108,2110.png,0.8484848484848485,0.7368421052631579,0.7846607669616519,0.9236111111111112
109,1310.png,0.891044776119403,0.8034993270524899,0.9567307692307693,0.8337988826815642
110,798.png,0.9176470588235294,0.8478260869565217,0.9441340782122905,0.8926056338028169
111,2688.png,0.0,0.0,0.0,0.0
112,193.png,0.903014723066137,0.8231785257775884,1.0,0.8231785257775884
113,2135.png,0.04819277108433735,0.024691358024691357,0.024691358024691357,1.0
114,684.png,0.9861676159479251,0.9727126805778491,0.9873727087576375,0.9849654611946363
115,2471.png,0.5149700598802395,0.3467741935483871,0.9974226804123711,0.347085201793722
116,1920.png,0.9151500827227605,0.8435729847494553,0.900046490004649,0.9307692307692308
117,639.png,0.05084745762711865,0.02608695652173913,0.02608695652173913,1.0
118,279.png,0.971729755630091,0.9450139794967382,0.9816069699903195,0.9620493358633776
119,581.png,0.9654611946363267,0.9332285938727416,0.9777777777777777,0.9534510433386838
120,1081.png,0.9414917373827602,0.889451476793249,0.9031705227077977,0.9832089552238806
121,1545.png,0.6544980443285529,0.48643410852713176,0.5273109243697479,0.8625429553264605
122,661.png,0.9700800674252001,0.94189852700491,0.9599666388657214,0.9804088586030665
123,1561.png,0.8950542822677925,0.8100436681222707,0.9973118279569892,0.811816192560175
124,2963.png,0.7142857142857143,0.5555555555555556,0.7189014539579968,0.7097288676236044
125,2943.png,0.9383458646616541,0.8838526912181303,0.9313432835820895,0.9454545454545454
126,2217.png,0.8349436392914654,0.7166551485832757,0.7487364620938628,0.9435850773430391
127,1283.png,0.9330024813895782,0.8744186046511628,0.9665809768637532,0.9016786570743405
128,1246.png,0.8943089430894309,0.8088235294117647,1.0,0.8088235294117647
129,1580.png,0.6474464579901154,0.47868453105968334,0.49558638083228246,0.9334916864608076
130,682.png,0.9719487274753855,0.9454282616552223,0.9838285069575028,0.960352422907489
131,735.png,0.6594504579517069,0.4919254658385093,0.4919254658385093,1.0
132,2248.png,0.7590443686006826,0.6116611661166117,0.6595492289442467,0.8938906752411575
133,1404.png,0.9097472924187726,0.8344370860927153,0.8689655172413793,0.9545454545454546
134,1373.png,0.9239940387481371,0.8587257617728532,0.9967845659163987,0.8611111111111112
135,1883.png,0.10173697270471464,0.05359477124183006,0.05359477124183006,1.0
136,655.png,0.9580838323353293,0.9195402298850575,0.9566517189835575,0.95952023988006
137,1990.png,0.9207579672695951,0.8531524341580208,0.9324029655473179,0.9094002552105487
138,501.png,0.9200293470286134,0.8519021739130435,0.9889589905362776,0.8600823045267489
139,2306.png,0.7628865979381443,0.6166666666666667,0.6211678832116788,0.9883855981416957
140,2974.png,0.7953795379537953,0.6602739726027397,0.9198473282442748,0.7005813953488372
141,2367.png,0.5706385118149824,0.39922616953921913,0.4178939617083947,0.8993660855784469
142,2923.png,0.8702765874561745,0.7703448275862069,0.9973214285714286,0.7719419488597098
143,1599.png,0.39553072625698327,0.24651810584958217,0.6807692307692308,0.27874015748031494
144,1297.png,0.9228007181328546,0.8566666666666667,0.8816466552315609,0.967984934086629
145,650.png,0.9878506737353656,0.9759930161501528,0.9928952042628775,0.9828571428571429
146,624.png,0.9401120206807411,0.8869918699186992,0.9586994727592267,0.9222316145393068
147,183.png,0.9546703296703297,0.9132720105124835,0.976123595505618,0.9341397849462365
148,3005.png,0.7428909952606635,0.590951932139491,0.993660855784469,0.5931882686849574
149,2056.png,0.39229671897289586,0.2440106477373558,0.24531668153434433,0.9786476868327402
150,200.png,0.8275862068965517,0.7058823529411765,1.0,0.7058823529411765
151,481.png,0.9220708446866485,0.8554095045500506,0.9894736842105263,0.863265306122449
152,2327.png,0.9555867227676484,0.9149507609668756,0.9779904306220095,0.9341864716636198
153,1248.png,0.9688947716743879,0.9396662387676509,0.9851951547779273,0.953125
154,229.png,0.9158453373768006,0.8447552447552448,0.9648562300319489,0.8715728715728716
155,1300.png,0.8413793103448276,0.7261904761904762,0.8243243243243243,0.8591549295774648
156,1471.png,0.2901849217638691,0.16971713810316139,0.9807692307692307,0.17028380634390652
157,582.png,0.9772809231878832,0.9555712270803949,0.9926739926739927,0.9623579545454546
158,1094.png,0.7130124777183601,0.554016620498615,0.5714285714285714,0.9478672985781991
159,2504.png,0.8986568986568987,0.8159645232815964,0.863849765258216,0.9363867684478372
160,2145.png,0.0,0.0,0.0,0.0
161,2878.png,0.8930362116991644,0.8067438349270256,0.8836824696802646,0.9025900900900901
162,2106.png,0.0,0.0,0.0,0.0
163,2229.png,0.0,0.0,0.0,0.0
164,2865.png,0.6610169491525424,0.4936708860759494,0.8432432432432433,0.5435540069686411
165,1506.png,0.9206598586017282,0.8529839883551674,0.9932203389830508,0.8579795021961932
166,1052.png,0.9284286285485805,0.8664179104477612,0.8755656108597285,0.9880851063829788
167,2729.png,0.9535181236673774,0.9111654441727791,0.9197860962566845,0.9898185037627268
168,2050.png,0.5724675324675325,0.40101892285298396,0.9769503546099291,0.4048493754592212
169,398.png,0.960776989166978,0.9245147375988497,0.9831804281345565,0.9393718042366691
170,2434.png,0.0,0.0,0.0,0.0
171,2168.png,0.9259259259259259,0.8620689655172413,0.9259259259259259,0.9259259259259259
172,2613.png,0.0,0.0,0.0,0.0
173,2687.png,0.0,0.0,0.0,0.0
174,2619.png,0.3404255319148936,0.20512820512820512,0.20512820512820512,1.0
175,1998.png,0.9151047409040793,0.8434959349593496,0.9606481481481481,0.8736842105263158
176,2822.png,0.8854166666666666,0.794392523364486,0.9631728045325779,0.8192771084337349
177,2908.png,0.39372325249643364,0.24511545293072823,0.31257078142695355,0.5317919075144508
178,2942.png,0.9438639125151883,0.8936953520478601,0.9243217515468825,0.9642502482621649
179,2576.png,0.8746108123407869,0.7771629778672032,0.7882653061224489,0.9821996185632549
180,1437.png,0.9034193161367726,0.8238512035010941,0.9947159841479525,0.8274725274725274
181,276.png,0.961439588688946,0.9257425742574258,0.9667651403249631,0.956172388604821
182,853.png,0.9445506692160612,0.894927536231884,0.937381404174573,0.9518304431599229
183,2861.png,0.7701674277016742,0.6262376237623762,0.9980276134122288,0.6270136307311028
184,1983.png,0.0,0.0,0.0,0.0
185,789.png,0.925697503671072,0.861673045379989,0.9168121000581734,0.9347568208778173
186,2136.png,0.736796158882584,0.5832757429163787,0.8940677966101694,0.6265775798069785
187,213.png,0.9531502423263328,0.9104938271604939,0.9777462121212122,0.929761368752814
188,1496.png,0.9398176291793313,0.8864678899082569,0.9335748792270532,0.9461444308445532
189,989.png,0.9291553133514986,0.8676844783715013,0.9941690962099126,0.8721227621483376
190,1384.png,0.8090185676392573,0.6792873051224945,0.9967320261437909,0.6808035714285714
191,46.png,0.9595375722543352,0.9222222222222223,0.9973297730307076,0.9245049504950495
192,1293.png,0.8789625360230547,0.7840616966580977,0.9807073954983923,0.7963446475195822
193,567.png,0.9528042328042328,0.9098625707356508,0.9351890319900291,0.9710957722174288
194,900.png,0.6917668405534134,0.5287794729542302,0.5463991400931566,0.9425216316440049
195,239.png,0.9323671497584541,0.8733031674208145,0.9747474747474747,0.8935185185185185
196,1689.png,0.8483547925608012,0.7366459627329193,0.9236760124610592,0.7843915343915344
197,2718.png,0.8742304309586632,0.7765625,0.8416596104995766,0.909423604757548
198,432.png,0.8603238866396761,0.7548845470692718,1.0,0.7548845470692718
199,486.png,0.9502831969792322,0.9052757793764988,1.0,0.9052757793764988
200,1881.png,0.0,0.0,0.0,0.0
201,2763.png,0.5003592814371257,0.3336527711228238,0.33753433511068026,0.966682091624248
202,1365.png,0.9530434782608695,0.9102990033222591,0.9739336492890995,0.9330306469920545
203,2215.png,0.0,0.0,0.0,0.0
204,1816.png,0.9333333333333333,0.875,0.9740566037735849,0.89587852494577
205,1253.png,0.9678249678249679,0.9376558603491272,0.9920844327176781,0.9447236180904522
206,269.png,0.873015873015873,0.7746478873239436,0.9919839679358717,0.7795275590551181
207,2270.png,0.0,0.0,0.0,0.0
208,479.png,0.9338103756708408,0.8758389261744967,0.9422382671480144,0.925531914893617
209,331.png,0.9746886299718762,0.950626959247649,0.984577922077922,0.9649960222752586
210,619.png,0.7717782577393808,0.6283704572098476,0.6350710900473934,0.9834862385321101
211,1758.png,0.9236641221374046,0.8581560283687943,1.0,0.8581560283687943
212,1697.png,0.9142053445850914,0.8419689119170984,0.9938837920489296,0.8463541666666666
213,2784.png,0.8115732368896926,0.6828971393791844,0.9234567901234568,0.7238709677419355
214,948.png,0.9134001823154057,0.8406040268456376,0.8623063683304647,0.9709302325581395
215,1980.png,0.08884859474161379,0.046489563567362426,0.08999081726354453,0.08773500447627573
216,555.png,0.9368318756073858,0.8811700182815356,0.9897330595482546,0.8892988929889298
217,806.png,0.7015810276679841,0.5403348554033486,0.922077922077922,0.5661881977671451
218,852.png,0.8916562889165629,0.8044943820224719,1.0,0.8044943820224719
219,1921.png,0.0,0.0,0.0,0.0
220,2509.png,0.9416698436904308,0.8897694524495677,0.9299698795180723,0.9536679536679536
221,151.png,0.9548872180451128,0.9136690647482014,0.9505988023952096,0.959214501510574
222,86.png,0.8720112517580872,0.773067331670823,0.9422492401215805,0.8115183246073299
223,448.png,0.760806916426513,0.6139534883720931,0.6139534883720931,1.0
224,2302.png,0.3333333333333333,0.2,0.33687002652519893,0.32987012987012987
225,3051.png,0.9119567664940329,0.8381622516556292,0.8846657929226737,0.9409851301115242
226,1825.png,0.9570844686648501,0.9177008491182234,0.9971611071682044,0.9201047806155861
227,2019.png,0.9481937832539905,0.9014909478168264,0.9201086956521739,0.9780473714615829
228,1193.png,0.8792007266121707,0.7844408427876823,0.9490196078431372,0.8189509306260575
229,1523.png,0.8456260720411664,0.7325408618127786,0.85,0.841296928327645
230,1827.png,0.942998352553542,0.89214463840399,0.9232258064516129,0.9636363636363636
231,2411.png,0.8554016620498615,0.7473378509196515,0.7473378509196515,1.0
232,1144.png,0.8982035928143712,0.8152173913043478,0.8992805755395683,0.8971291866028708
233,1856.png,0.5169951442445015,0.348613251155624,0.43551491819056787,0.6359803232607167
234,1335.png,0.9602327837051406,0.9235074626865671,0.9464627151051626,0.9744094488188977
235,495.png,0.9117647058823529,0.8378378378378378,0.96875,0.8611111111111112
236,1888.png,0.007009345794392523,0.0035169988276670576,0.009708737864077669,0.005484460694698354
237,1645.png,0.9290617848970252,0.8675213675213675,0.9463869463869464,0.9123595505617977
238,52.png,0.9669691470054447,0.9360505973295854,0.9888641425389755,0.9460227272727273
239,1381.png,0.8146453089244852,0.6872586872586872,0.9621621621621622,0.7063492063492064
240,16.png,0.9005847953216374,0.8191489361702128,0.9746835443037974,0.8369565217391305
241,955.png,0.926829268292683,0.8636363636363636,0.9708029197080292,0.8866666666666667
242,2193.png,0.8909795240730493,0.8033932135728543,0.9739866908650938,0.8210096889342172
243,2155.png,0.2986425339366516,0.17553191489361702,0.9460370994940978,0.17730720606826803
244,1977.png,0.0,0.0,0.0,0.0
245,1176.png,0.5578231292517006,0.3867924528301887,0.6119402985074627,0.5125
246,195.png,0.9847565487642445,0.9699708454810496,0.9822852081488043,0.987240356083086
247,1524.png,0.8946439081812831,0.8093716719914803,0.8775981524249422,0.9123649459783914
248,214.png,0.926678445229682,0.8633744855967078,0.9145597210113339,0.9391226499552372
249,1101.png,0.8888888888888888,0.8,0.8163265306122449,0.975609756097561
250,718.png,0.6086956521739131,0.4375,0.45194424064563465,0.9319213313161876
251,683.png,0.9806717958341152,0.9620765832106039,0.9882753403933434,0.9731843575418995
252,1670.png,0.9553264604810997,0.9144736842105263,0.9391891891891891,0.972027972027972
253,2068.png,0.30721776681061075,0.1814868804664723,0.45688073394495415,0.23141263940520446
254,346.png,0.9560574948665298,0.9158143194335169,0.9509803921568627,0.9611890999174236
255,453.png,0.9631665750412315,0.9289501590668081,0.9920724801812004,0.9358974358974359
256,2147.png,0.0,0.0,0.0,0.0
257,679.png,0.9450867052023122,0.8958904109589041,0.9849397590361446,0.9083333333333333
258,1584.png,0.7622317596566524,0.6158113730929264,1.0,0.6158113730929264
259,2582.png,0.914044152184124,0.8416955017301038,0.986815415821501,0.8512685914260717
260,2412.png,0.7958179581795818,0.6608784473953013,0.6608784473953013,1.0
261,1385.png,0.9098360655737705,0.8345864661654135,0.9173553719008265,0.9024390243902439
262,1260.png,0.8492647058823529,0.7380191693290735,0.7938144329896907,0.9130434782608695
263,94.png,0.9094890510948905,0.8340026773761714,0.8522571819425444,0.974960876369327
264,1214.png,0.7566371681415929,0.608540925266904,0.6173285198555957,0.9771428571428571
265,1940.png,0.9370705244122965,0.8815923783599864,0.9635552249907029,0.9120028159098909
266,1517.png,0.9753610875106202,0.9519071310116086,0.9913644214162349,0.959866220735786
267,1304.png,0.8377896613190731,0.7208588957055214,0.7833333333333333,0.9003831417624522
268,1280.png,0.7272727272727273,0.5714285714285714,0.5714285714285714,1.0
269,2839.png,0.0,0.0,0.0,0.0
270,1024.png,0.9498910675381264,0.9045643153526971,0.919831223628692,0.9819819819819819
271,2086.png,0.8290598290598291,0.708029197080292,0.9814502529510961,0.717632552404439
272,2463.png,0.31253023705853894,0.18520642201834864,1.0,0.18520642201834864
273,2011.png,0.2674344209852847,0.15435745937961595,0.15435745937961595,1.0
274,2606.png,0.7644515612489992,0.6187143597719026,0.7609180745935608,0.7680180180180181
275,1393.png,0.9295774647887324,0.868421052631579,0.9880239520958084,0.8776595744680851
276,2795.png,0.6164940828402367,0.44560278000534614,0.470372460496614,0.89431330472103
277,271.png,0.9176470588235294,0.8478260869565217,0.9968051118210862,0.8501362397820164
278,2955.png,0.0,0.0,0.0,0.0
279,2721.png,0.9000345901072293,0.8182389937106919,0.8437094682230869,0.9644180874722016
280,2798.png,0.38607115821347465,0.23921200750469043,0.6513409961685823,0.2743410435718128
281,2970.png,0.0,0.0,0.0,0.0
282,2482.png,0.8711270767849124,0.771678599840891,0.8998144712430427,0.8442123585726719
283,2985.png,0.7624877571008815,0.6161456272259597,0.9713038053649408,0.6275695284159613
284,1207.png,0.9,0.8181818181818182,0.8282208588957055,0.9854014598540146
285,1169.png,0.9610091743119266,0.9249448123620309,0.9577142857142857,0.9643268124280783
286,517.png,0.9437819420783645,0.8935483870967742,0.9822695035460993,0.9081967213114754
287,2614.png,0.0,0.0,0.0,0.0
288,1869.png,0.0,0.0,0.0,0.0
289,533.png,0.9652459016393443,0.9328263624841572,0.9375796178343949,0.9945945945945946
290,2938.png,0.9302675082657048,0.8696262995223377,0.965980024968789,0.8971014492753623
291,871.png,0.7770897832817337,0.6354430379746835,0.6640211640211641,0.9365671641791045
292,1950.png,0.8084358523725835,0.6784660766961652,0.9019607843137255,0.732484076433121
293,60.png,0.9679144385026738,0.9378238341968912,0.9826275787187839,0.9536354056902002
294,2685.png,0.8868144690781797,0.7966457023060797,0.8260869565217391,0.9571788413098237
295,1359.png,0.9538784067085954,0.9118236472945892,0.9891304347826086,0.9210526315789473
296,2518.png,0.7394881170018281,0.5866569978245105,0.9770531400966184,0.5948529411764706
297,724.png,0.9158620689655173,0.8447837150127226,0.8645833333333334,0.9736070381231672
298,1401.png,0.9221674876847291,0.8555758683729433,0.9176470588235294,0.9267326732673268
299,1140.png,0.8825,0.7897091722595079,0.8424821002386634,0.926509186351706
300,2666.png,0.7497243660418964,0.599647266313933,0.6087735004476276,0.975609756097561
301,1121.png,0.6652719665271967,0.49843260188087773,0.9408284023668639,0.5145631067961165
302,764.png,0.7087307410124725,0.5488636363636363,0.5488636363636363,1.0
303,2219.png,0.8928571428571429,0.8064516129032258,0.8947368421052632,0.8909853249475891
304,778.png,0.6219806763285024,0.45135845749342685,0.46271338724168914,0.9484346224677717
305,734.png,0.8700440528634361,0.7699805068226121,0.8094262295081968,0.9404761904761905
306,2608.png,0.6924844108959632,0.5296184738955824,0.5638695884553715,0.8971088435374149
307,389.png,0.9716435185185185,0.9448508722566122,0.9750290360046457,0.9682814302191465
308,2207.png,0.8561151079136691,0.7484276729559748,0.8728606356968215,0.84
309,965.png,0.9113924050632911,0.8372093023255814,1.0,0.8372093023255814
310,2391.png,0.8377997179125529,0.720873786407767,0.7291325695581015,0.9845303867403314
311,961.png,0.6849673202614379,0.5208747514910537,0.5261044176706827,0.9812734082397003
312,1895.png,0.9136400322841001,0.8410104011887073,0.9417637271214643,0.8871473354231975
313,513.png,0.9551920341394026,0.9142273655547992,0.9281271596406357,0.9838827838827838
314,1245.png,0.911976911976912,0.8381962864721485,0.9905956112852664,0.8449197860962567
315,2437.png,0.9588701684836471,0.9209900047596382,0.974320241691843,0.9439024390243902
316,1601.png,0.8979591836734694,0.8148148148148148,0.9918032786885246,0.8203389830508474
317,2366.png,0.7956115400243803,0.6605937921727395,0.6605937921727395,1.0
318,1455.png,0.858560794044665,0.7521739130434782,0.7521739130434782,1.0
319,99.png,0.3565217391304348,0.21693121693121692,0.21693121693121692,1.0
320,844.png,0.0,0.0,0.0,0.0
321,1548.png,0.928212162780064,0.8660409556313993,1.0,0.8660409556313993
322,1409.png,0.8926553672316384,0.8061224489795918,0.9937106918238994,0.8102564102564103
323,2468.png,0.831151832460733,0.7110862262038073,0.9860248447204969,0.7183257918552036
324,1671.png,0.0,0.0,0.0,0.0
325,1142.png,0.9067796610169492,0.8294573643410853,1.0,0.8294573643410853
326,1104.png,0.6327336551118912,0.46277278562259305,0.4721676489849378,0.9587765957446809
327,571.png,0.9736842105263158,0.9487179487179487,0.9946236559139785,0.9536082474226805
328,20.png,0.904921165790731,0.8263525305410122,0.8328935795954265,0.9905857740585774
329,2674.png,0.6660453557005281,0.4993013507219376,0.5080568720379147,0.9666366095581606
330,292.png,0.9753424657534246,0.9518716577540107,0.9925650557620818,0.9587073608617595
331,2930.png,0.8898467432950191,0.8015530629853321,0.9989247311827957,0.802245250431779
332,251.png,0.9535353535353536,0.9111969111969112,0.9711934156378601,0.9365079365079365
333,199.png,0.9233543733092876,0.8576214405360134,1.0,0.8576214405360134
334,1587.png,0.6440404040404041,0.47497020262216927,0.4883578431372549,0.9454329774614472
335,2296.png,0.7915447154471544,0.655005382131324,0.7882124352331606,0.7949052906596995
336,804.png,0.8581713462922966,0.7515762925598991,0.7683712935109583,0.9717391304347827
337,934.png,0.9486434108527132,0.9023041474654377,0.9868951612903226,0.9132462686567164
338,3061.png,0.16891891891891891,0.09225092250922509,0.09225092250922509,1.0
339,2424.png,0.32441379310344826,0.1936121172209417,0.1961307538358906,0.937799043062201
340,2144.png,0.0,0.0,0.0,0.0
341,714.png,0.9372746935832732,0.8819538670284939,1.0,0.8819538670284939
342,2641.png,0.0,0.0,0.0,0.0
343,681.png,0.9778046811945117,0.9565732333201737,0.995480690221857,0.9607454401268835
344,492.png,0.9577754891864058,0.9189723320158103,0.9830866807610994,0.9337349397590361
345,363.png,0.9337319382162431,0.8757009345794392,0.9978700745473909,0.8773408239700374
346,2352.png,0.0,0.0,0.0,0.0
347,2673.png,0.9167032003507234,0.8462161068393363,0.8569672131147541,0.9853911404335532
348,559.png,0.9314641744548287,0.8717201166180758,0.9033232628398792,0.9614147909967846
349,1604.png,0.660377358490566,0.49295774647887325,1.0,0.49295774647887325
350,1661.png,0.9112426035502958,0.8369565217391305,0.9565217391304348,0.8700564971751412
351,1743.png,0.801358234295416,0.6685552407932012,0.9915966386554622,0.6723646723646723
352,1285.png,0.8853754940711462,0.7943262411347518,0.9411764705882353,0.835820895522388
353,1452.png,0.9423286180631121,0.8909465020576132,0.9579646017699115,0.9271948608137045
354,2821.png,0.49729451172378253,0.33093278463648834,0.33753060510668065,0.9442270058708415
355,2560.png,0.8984293193717278,0.8155893536121673,0.9558823529411765,0.8474911102331094
356,369.png,0.9432098765432099,0.8925233644859814,0.9227053140096618,0.9646464646464646
357,242.png,0.9417163836622304,0.8898525585429314,0.9990262901655307,0.890625
358,2638.png,0.9375582479030755,0.8824561403508772,0.8982142857142857,0.9805068226120858
359,1691.png,0.8888888888888888,0.8,0.9163636363636364,0.863013698630137
360,2294.png,0.46848249027237354,0.30589430894308944,0.9318885448916409,0.3128898128898129
361,848.png,0.9201838696197242,0.8521671826625387,0.9624125874125874,0.8815052041633307
362,111.png,0.0,0.0,0.0,0.0
363,1483.png,0.37099494097807756,0.2277432712215321,0.2277432712215321,1.0
364,2358.png,0.8030601092896175,0.670927684441198,0.7109133126934984,0.9226519337016574
365,1773.png,0.8290697674418605,0.7080436941410129,0.709452736318408,0.9972027972027973
366,699.png,0.9831474009019701,0.9668534080298786,0.989961759082218,0.9764262140499764
367,2794.png,0.19313304721030042,0.10688836104513064,0.10688836104513064,1.0
368,1113.png,0.7690839694656488,0.6248062015503876,0.9926108374384236,0.6277258566978193
369,954.png,0.8716417910447761,0.7724867724867724,0.9668874172185431,0.7934782608695652
370,40.png,0.9513365318711446,0.9071895424836601,0.994269340974212,0.911957950065703
371,2847.png,0.8356596127870328,0.7177107501933488,0.9350125944584383,0.7553927553927554
372,3000.png,0.5311263044260526,0.3615874571288584,0.4566831683168317,0.6345657781599312
373,476.png,0.9209302325581395,0.853448275862069,0.9850746268656716,0.8646288209606987
374,456.png,0.9779393939393939,0.956831119544592,0.9901816396661758,0.9659961685823755
375,2999.png,0.044173648134044174,0.022585669781931463,0.023887973640856673,0.29292929292929293
376,824.png,0.21041273266792554,0.11757612300271329,0.11757612300271329,1.0
377,980.png,0.0,0.0,0.0,0.0
378,2813.png,0.8231815493790656,0.699497487437186,0.7537906137184116,0.9066435084672166
379,152.png,0.8740438551759306,0.7762681159420289,0.9873271889400922,0.7840805123513266
380,2062.png,0.8127294981640147,0.6845360824742268,0.8405063291139241,0.7867298578199052
381,1420.png,0.9259259259259259,0.8620689655172413,0.9049773755656109,0.9478672985781991
382,1363.png,0.9598643301300169,0.9228260869565217,0.9614949037372593,0.9582392776523702
383,910.png,0.910873440285205,0.8363338788870703,0.9823774431272028,0.8490722791470506
384,2331.png,0.4304255961364322,0.2742307692307692,0.3662044170518747,0.5219619326500732
385,2962.png,0.5821596244131455,0.4105960264900662,0.9670710571923743,0.4164179104477612
386,1244.png,0.951092611862643,0.9067460317460317,0.9870410367170627,0.9176706827309237
387,2316.png,0.8280373831775701,0.7065390749601276,0.7071029529130087,0.9988726042841037
388,1045.png,0.9563886763580719,0.9164222873900293,0.9412650602409639,0.9720062208398134
389,2375.png,0.0,0.0,0.0,0.0
390,485.png,0.9448698315467075,0.895500725689405,0.9809220985691574,0.9113737075332349
391,850.png,0.8736875596563792,0.7757062146892655,0.9793152639087018,0.7886272257323378
392,1673.png,0.7428571428571429,0.5909090909090909,0.610738255033557,0.9479166666666666
393,1173.png,0.9809241203899958,0.9625623960066556,0.9830076465590484,0.9788494077834179
394,2598.png,0.5923497267759563,0.42080745341614906,0.8121878121878122,0.4661697247706422
395,3032.png,0.8360713863609502,0.7183184402924452,0.7194873881204231,0.9977433004231312
396,1873.png,0.9636756332220695,0.9298976885183782,0.9665222528554549,0.9608457321848082
397,979.png,0.8592283628779979,0.753199268738574,0.7715355805243446,0.9694117647058823
398,906.png,0.7602012297372834,0.6131650135256989,0.640502354788069,0.9349220898258478
399,73.png,0.9579339723109691,0.9192641798671436,0.9841356673960613,0.933091286307054
400,1269.png,0.9159420289855073,0.8449197860962567,0.9875,0.8540540540540541
401,1685.png,0.6588235294117647,0.49122807017543857,0.5352941176470588,0.8564705882352941
402,751.png,0.6573859242072699,0.48963133640552997,0.49707602339181284,0.9703196347031964
403,1403.png,0.4548736462093863,0.29439252336448596,0.29439252336448596,1.0
404,2029.png,0.6304728546409807,0.46035805626598464,0.46035805626598464,1.0
405,2148.png,0.9029126213592233,0.8230088495575221,0.9662337662337662,0.8473804100227791
406,168.png,0.9157088122605364,0.8445229681978799,0.8628158844765343,0.9755102040816327
407,1865.png,0.9469387755102041,0.8992248062015504,0.9168510907366424,0.9790681971640783
408,2310.png,0.8879781420765027,0.7985257985257985,0.8014796547472256,0.9954058192955589
409,1459.png,0.8877118644067796,0.7980952380952381,0.8657024793388429,0.9108695652173913
410,2076.png,0.8599328654256942,0.7542826552462527,0.7895769123003642,0.9440536013400335
411,2034.png,0.9397955319954563,0.8864285714285715,0.8902439024390244,0.9951884522854851
412,2064.png,0.7638795986622073,0.6179653679653679,0.6540664375715922,0.9180064308681672
413,1686.png,0.32379248658318427,0.19316969050160085,0.19316969050160085,1.0
414,882.png,0.002973977695167286,0.0014892032762472078,0.0014958863126402393,0.25
415,721.png,0.49284049284049286,0.32699955810870523,0.32699955810870523,1.0
416,897.png,0.9311475409836065,0.8711656441717791,0.9383259911894273,0.9240780911062907
417,2023.png,0.0,0.0,0.0,0.0
418,1277.png,0.9784172661870504,0.9577464788732394,0.9640130861504908,0.9932584269662922
419,2348.png,0.9072978303747534,0.8303249097472925,0.9455292908530318,0.8720379146919431
420,101.png,0.8732057416267942,0.7749469214437368,0.9346991037131882,0.819304152637486
421,315.png,0.0,0.0,0.0,0.0
422,2720.png,0.9100854700854701,0.8350062735257214,0.8429385687143762,0.9888558692421991
423,96.png,0.9501187648456056,0.9049773755656109,0.9732360097323601,0.9280742459396751
424,2915.png,0.7984084880636605,0.6644591611479028,0.9555555555555556,0.6856492027334852
425,1029.png,0.0,0.0,0.0,0.0
426,2260.png,0.7004310344827587,0.538971807628524,0.9969325153374233,0.5398671096345515
427,2533.png,0.684,0.5197568389057751,0.5508513575701794,0.9020346646571213
428,307.png,0.9769917582417582,0.9550184625713327,0.986819285466528,0.9673580414824889
429,1711.png,0.9058247142079477,0.8278606965174129,0.8822905620360552,0.930648769574944
430,1912.png,0.0,0.0,0.0,0.0
431,30.png,0.9685767097966729,0.9390681003584229,0.9980952380952381,0.940754039497307
432,2328.png,0.8712871287128713,0.7719298245614035,0.7907573812580231,0.9700787401574803
433,2506.png,0.8374558303886925,0.7203647416413373,0.8994307400379506,0.7834710743801653
434,1490.png,0.8986232790988736,0.8159090909090909,0.9944598337950139,0.819634703196347
435,2055.png,0.6403292181069958,0.47094430992736075,0.4715151515151515,0.9974358974358974
436,235.png,0.9677165354330709,0.9374523264683448,0.9927302100161551,0.9439324116743472
437,2071.png,0.8323424494649228,0.7128309572301426,0.9162303664921466,0.7625272331154684
438,2853.png,0.8852108916177256,0.7940613026819924,0.9452679589509693,0.8323293172690763
439,2589.png,0.22847682119205298,0.12897196261682242,0.12897196261682242,1.0
440,1958.png,0.8690026954177897,0.7683508102955195,0.7996031746031746,0.9515938606847698
441,842.png,0.9169139465875371,0.8465753424657534,0.9983844911147012,0.8477366255144033
442,1006.png,0.9088397790055248,0.8329113924050633,0.9189944134078212,0.8989071038251366
443,165.png,0.9018075232046898,0.8211743772241993,0.936105476673428,0.8699340245051838
444,2156.png,0.966451215758695,0.935080405002978,0.9830932999373826,0.950363196125908
445,2855.png,0.8777142857142857,0.7820773930753564,0.8205128205128205,0.9434889434889435
446,1659.png,0.8298755186721992,0.7092198581560284,0.8403361344537815,0.819672131147541
447,630.png,0.9321865696328151,0.8729863692688972,0.9873861247372109,0.8828320802005013
448,2373.png,0.5454545454545454,0.375,1.0,0.375
449,1715.png,0.8821917808219178,0.7892156862745098,0.8632707774798928,0.9019607843137255
450,2740.png,0.9626752966558791,0.9280366056572379,0.9828193832599119,0.9433403805496828
451,1687.png,0.4835341365461847,0.3188559322033898,0.3215811965811966,0.9741100323624595
452,930.png,0.9393139841688655,0.8855721393034826,0.9834254143646409,0.898989898989899
453,2933.png,0.15700934579439252,0.08519269776876268,0.08519269776876268,1.0
454,1996.png,0.0,0.0,0.0,0.0
455,2626.png,0.3684879288437103,0.22585669781931464,0.22585669781931464,1.0
456,1134.png,0.9438543247344461,0.8936781609195402,0.9311377245508982,0.9569230769230769
457,1118.png,0.9286498353457738,0.8668032786885246,0.9929577464788732,0.8721649484536083
458,2138.png,0.7943716021746082,0.6588859416445624,0.7216734456711215,0.883357041251778
459,420.png,0.9580602883355177,0.919496855345912,0.938382541720154,0.9785809906291834
460,1443.png,0.9441548771407298,0.8942172073342737,0.9783950617283951,0.9122302158273381
461,2648.png,0.0,0.0,0.0,0.0
462,223.png,0.9790817712578104,0.9590207557211282,0.9988913525498891,0.960042621204049
463,2683.png,0.44863731656184486,0.2891891891891892,0.2891891891891892,1.0
464,282.png,0.9142053445850914,0.8419689119170984,1.0,0.8419689119170984
465,2251.png,0.8762677484787018,0.779783393501805,0.8059701492537313,0.96
466,713.png,0.9468728984532616,0.8991060025542784,0.9985815602836879,0.9002557544757033
467,3022.png,0.8850267379679144,0.7937649880095923,0.8575129533678757,0.914364640883978
468,2665.png,0.8794970310862732,0.7849127182044888,0.8404539385847797,0.9223443223443224
469,1875.png,0.9540007730962505,0.9120473022912047,0.914074074074074,0.9975747776879548
470,651.png,0.9822914444207382,0.9651991614255765,0.9884070416487764,0.9762510602205259
471,1262.png,0.8687782805429864,0.768,1.0,0.768
472,1422.png,0.925531914893617,0.8613861386138614,0.9456521739130435,0.90625
473,1684.png,0.7897838899803536,0.6525974025974026,0.6931034482758621,0.9178082191780822
474,2304.png,0.8478862109838009,0.7359396433470508,0.7359396433470508,1.0
475,597.png,0.8925619834710744,0.8059701492537313,0.8059701492537313,1.0
476,134.png,0.967032967032967,0.9361702127659575,0.9986244841815681,0.9373789541639768
477,1345.png,0.9042253521126761,0.8251928020565553,0.8337662337662337,0.9876923076923076
478,2257.png,0.9018789144050104,0.8212927756653993,0.8985024958402662,0.9052808046940486
479,2797.png,0.44146445295870584,0.28325594099972684,0.30321637426900583,0.8114241001564946
480,2484.png,0.8443594646271511,0.7306419589675711,0.8578088578088578,0.8313253012048193
481,935.png,0.9741657696447793,0.9496327387198321,0.9752155172413793,0.9731182795698925
482,611.png,0.9635589209654519,0.9296803652968036,0.9561678146524734,0.9710651828298887
483,969.png,0.8964927288280582,0.8124031007751938,0.8534201954397395,0.9441441441441442
484,2330.png,0.7117117117117117,0.5524475524475524,0.7881455399061033,0.648792270531401
485,2604.png,0.830808729139923,0.7105841018884497,0.8383419689119171,0.823409669211196
486,1526.png,0.8063063063063063,0.6754716981132075,0.6884615384615385,0.9728260869565217
487,2397.png,0.7744510978043913,0.6319218241042345,0.8707360861759426,0.6973400431344356
488,2349.png,0.46,0.2987012987012987,0.2987012987012987,1.0
489,941.png,0.8582375478927203,0.7516778523489933,0.8220183486238533,0.8977955911823647
490,2730.png,0.9513353115727003,0.9071873231465761,0.9834355828220859,0.921264367816092
491,1125.png,0.8976,0.8142235123367199,0.893312101910828,0.9019292604501608
492,2625.png,0.0,0.0,0.0,0.0
493,2887.png,0.6369142492827542,0.46725912067352665,0.5738081562320505,0.7156160458452722
494,194.png,0.966515227999327,0.9352002605014653,0.9989565217391304,0.9361147327249022
495,2139.png,0.7555321390937829,0.607112616426757,0.7043222003929273,0.8147727272727273
496,2538.png,0.6318156267566049,0.4617912900575185,0.4714765100671141,0.9574105621805792
497,992.png,0.9590834697217676,0.9213836477987422,1.0,0.9213836477987422
498,3033.png,0.492258064516129,0.32648694908001713,0.32704672096013715,0.9947848761408083
499,2832.png,0.7064327485380117,0.546112115732369,0.880466472303207,0.58984375
500,1108.png,0.7551724137931034,0.6066481994459834,0.6100278551532033,0.9909502262443439
501,1872.png,0.963677130044843,0.9299004759844224,0.9821755027422303,0.945862676056338
502,994.png,0.9517786561264822,0.9079939668174962,0.9709677419354839,0.9333333333333333
503,1877.png,0.876205368777691,0.7796846011131725,0.7978168011390603,0.9716763005780347
504,1623.png,0.8918249380677127,0.8047690014903129,0.967741935483871,0.8269525267993875
505,1778.png,0.796400449943757,0.6616822429906543,0.9915966386554622,0.6654135338345865
506,763.png,0.8269018743109151,0.7048872180451128,0.9973404255319149,0.7062146892655368
507,2038.png,0.8915989159891599,0.80440097799511,0.807361963190184,0.9954614220877458
508,2569.png,0.9374021909233177,0.882179675994109,0.9279628195197521,0.9470355731225296
509,1975.png,0.0,0.0,0.0,0.0
510,394.png,0.0,0.0,0.0,0.0
511,2910.png,0.8830752802989856,0.7906309751434034,0.8882921589688507,0.8779193205944799
512,2755.png,0.8566308243727598,0.7492163009404389,1.0,0.7492163009404389
513,2679.png,0.4250559284116331,0.26988636363636365,0.2745664739884393,0.9405940594059405
514,776.png,0.619253438113949,0.4484917472965282,0.4484917472965282,1.0
515,2796.png,0.7419950738916257,0.5898188937836515,0.5912659470068695,0.9958677685950413
516,2486.png,0.9051516610495908,0.8267370272647317,0.8631772268135904,0.951417004048583
517,2472.png,0.7289623128549303,0.5735174654752234,0.6018755328218244,0.9240837696335078
518,1614.png,0.922247882986913,0.8557142857142858,0.8940298507462686,0.9523052464228935
519,640.png,0.9307692307692308,0.8705035971223022,0.8864468864468864,0.979757085020243
520,1438.png,0.9472944483485594,0.8998664886515354,0.983941605839416,0.9132791327913279
521,821.png,0.8018018018018018,0.6691729323308271,0.6708542713567839,0.996268656716418
522,1598.png,0.8375209380234506,0.7204610951008645,1.0,0.7204610951008645
523,2063.png,0.9166666666666666,0.8461538461538461,0.8963782696177063,0.9378947368421052
524,1857.png,0.5253976398152899,0.3562978427279054,0.4069952305246423,0.7409551374819102
525,702.png,0.8415622697126013,0.7264631043256997,0.7348777348777349,0.9844827586206897
526,1701.png,0.9289827255278311,0.8673835125448028,0.9641434262948207,0.8962962962962963
527,1291.png,0.8709122203098106,0.7713414634146342,0.9844357976653697,0.7808641975308642
528,2756.png,0.8014184397163121,0.6686390532544378,1.0,0.6686390532544378
529,833.png,0.9358974358974359,0.8795180722891566,0.9587242026266416,0.9141323792486583
530,2680.png,0.8827160493827161,0.7900552486187845,0.8011204481792717,0.9828178694158075
531,1330.png,0.9344262295081968,0.8769230769230769,0.8941176470588236,0.9785407725321889
532,914.png,0.9251950435979808,0.860802732707088,0.9163636363636364,0.9341983317886933
533,2520.png,0.4200507614213198,0.26586345381526105,0.26586345381526105,1.0
534,430.png,0.9487179487179487,0.9024390243902439,0.9866666666666667,0.9135802469135802
535,277.png,0.9792477302204928,0.9593392630241423,0.9980171844018506,0.9611712285168682
536,2787.png,0.5107692307692308,0.34297520661157027,0.38098360655737706,0.7746666666666666
537,3041.png,0.0,0.0,0.0,0.0
538,3013.png,0.0,0.0,0.0,0.0
539,2909.png,0.8719191919191919,0.7729226361031518,0.8377329192546584,0.9090143218197135
540,403.png,0.9788135593220338,0.9585062240663901,0.9937858508604207,0.9642857142857143
541,1039.png,0.9690346083788707,0.9399293286219081,0.9457777777777778,0.9934640522875817
542,926.png,0.9027576197387518,0.8227513227513228,1.0,0.8227513227513228
543,1976.png,0.0,0.0,0.0,0.0
544,480.png,0.951417004048583,0.9073359073359073,0.9771309771309772,0.9270216962524654
545,872.png,0.8723809523809524,0.7736486486486487,0.8980392156862745,0.8481481481481481
546,794.png,0.7764628533859304,0.6346050510478237,0.7339962709757614,0.8241451500348919
547,1861.png,0.9080612924716855,0.8316046369737645,0.8642993024730501,0.9564912280701754
548,1257.png,0.8134328358208955,0.6855345911949685,0.9478260869565217,0.7124183006535948
549,1759.png,0.8018648018648019,0.669260700389105,0.8037383177570093,0.8
550,2122.png,0.0,0.0,0.0,0.0
551,765.png,0.9381443298969072,0.883495145631068,0.9417852522639069,0.9345314505776636
552,1377.png,0.8142857142857143,0.6867469879518072,0.9827586206896551,0.6951219512195121
553,1914.png,0.0,0.0,0.0,0.0
554,790.png,0.890177736202058,0.8020903573836817,0.9766009852216748,0.817806806462702
555,3007.png,0.8908296943231441,0.8031496062992126,0.8929961089494164,0.888673765730881
556,290.png,0.9763899466869764,0.9538690476190477,0.991492652745553,0.9617404351087772
557,196.png,0.9638629283489096,0.9302465423932652,0.9641632907447804,0.9635627530364372
558,1112.png,0.7415485278080698,0.5892547660311959,0.6215722120658135,0.918918918918919
559,1198.png,0.8621700879765396,0.7577319587628866,0.7577319587628866,1.0
560,1466.png,0.9482874412357287,0.9016602809706258,0.9874125874125874,0.9121447028423773
561,1225.png,0.8738574040219378,0.775974025974026,0.8269896193771626,0.9263565891472868
562,2543.png,0.8911605532170775,0.8036876355748374,1.0,0.8036876355748374
563,2632.png,0.0,0.0,0.0,0.0
564,1741.png,0.7338129496402878,0.5795454545454546,0.7183098591549296,0.75
565,1336.png,0.9707822808671065,0.9432234432234432,0.982824427480916,0.9590316573556797
566,2844.png,0.8333333333333334,0.7142857142857143,0.9989373007438895,0.714828897338403
567,1547.png,0.934763181411975,0.87751677852349,1.0,0.87751677852349
568,3017.png,0.9079379990605918,0.8313978494623656,0.889963167587477,0.926653883029722
569,469.png,0.9673846153846154,0.9368295589988082,0.9751861042183623,0.9597069597069597
570,2421.png,0.7137847315888859,0.5549496644295302,0.786563614744352,0.6533333333333333
571,160.png,0.9448160535117057,0.8954041204437401,0.9432387312186978,0.9463986599664992
572,1698.png,0.8596491228070176,0.7538461538461538,0.98989898989899,0.7596899224806202
573,1164.png,0.7398547629218283,0.5871186440677966,0.5871186440677966,1.0
574,840.png,0.36196021348859775,0.22097156398104265,0.3922187171398528,0.33603603603603605
575,132.png,0.945264986967854,0.8962108731466227,0.9954254345837146,0.8999172870140613
576,1018.png,0.9388839681133747,0.8848080133555927,0.8862876254180602,0.9981167608286252
577,867.png,0.8992916538343086,0.817011751538892,0.8570589961843263,0.9459021703919663
578,2040.png,0.8485536018150879,0.7369458128078817,0.7574683544303797,0.9645390070921985
579,1785.png,0.7833935018050542,0.6439169139465876,1.0,0.6439169139465876
580,615.png,0.0,0.0,0.0,0.0
581,1579.png,0.9409862570735651,0.8885496183206106,0.9965753424657534,0.891271056661562
582,1961.png,0.476881925869316,0.31309583542398395,0.3172343670564311,0.96
583,894.png,0.8847352024922118,0.7932960893854749,0.8304093567251462,0.9466666666666667
584,45.png,0.9608678806664084,0.9246830723340791,0.9872611464968153,0.9358490566037736
585,729.png,0.843915343915344,0.7299771167048055,1.0,0.7299771167048055
586,2043.png,0.9377358490566038,0.8827708703374778,0.9119266055045872,0.9650485436893204
587,2966.png,0.3698630136986301,0.226890756302521,0.6835443037974683,0.2535211267605634
588,1453.png,0.9349112426035503,0.8777777777777778,0.9968454258675079,0.8802228412256268
589,1400.png,0.8838821490467937,0.7919254658385093,0.7919254658385093,1.0
590,2384.png,0.0,0.0,0.0,0.0
591,959.png,0.9400479616306955,0.8868778280542986,0.9849246231155779,0.8990825688073395
592,1196.png,0.9134860050890585,0.8407494145199064,0.8886138613861386,0.9397905759162304
593,1855.png,0.513601299228583,0.34553400710188475,0.42336010709504684,0.652734778121775
594,796.png,0.9045796115128314,0.825783070152731,0.8463783496948792,0.9713763702801461
595,1090.png,0.9441723800195886,0.8942486085343229,0.9198473282442748,0.9698189134808853
596,1507.png,0.957712924359738,0.9188571428571428,0.9938195302843016,0.9241379310344827
597,2065.png,0.835820895522388,0.717948717948718,0.8677685950413223,0.8061420345489443
598,3004.png,0.0,0.0,0.0,0.0
599,2757.png,0.0,0.0,0.0,0.0
600,1534.png,0.8412017167381974,0.725925925925926,1.0,0.725925925925926
601,1535.png,0.9154228855721394,0.8440366972477065,0.983957219251337,0.8558139534883721
602,653.png,0.9757826343768459,0.9527104959630911,0.9951807228915662,0.9571263035921205
603,2953.png,0.6655231560891939,0.4987146529562982,0.5969230769230769,0.751937984496124
604,825.png,0.8007994670219853,0.6677777777777778,0.7188995215311005,0.9037593984962407
605,67.png,0.9235993208828522,0.8580441640378549,0.9819494584837545,0.8717948717948718
606,2022.png,0.0,0.0,0.0,0.0
607,256.png,0.9632183908045977,0.9290465631929047,0.9847238542890717,0.9426321709786277
608,2008.png,0.8822914488814552,0.7893752338196782,0.9586551567469332,0.8171959721146398
609,697.png,0.9597633136094674,0.9226393629124005,0.973005398920216,0.9468768242848803
610,3044.png,0.6204800972348831,0.44977973568281937,0.47312326227988877,0.9011473962930273
611,2286.png,0.5396825396825397,0.3695652173913043,0.5991189427312775,0.49097472924187724
